{
  "system": {
    "n_entities": 82,
    "n_entities_full_five": 80,
    "n_entities_four": 2,
    "n_entities_lt_four": 0,
    "tau_by_campus": {
      "1": 1102.8,
      "2": 3187.52,
      "4": 735.0,
      "5": 342.54,
      "8": 977.73,
      "9": 638.88
    },
    "raw_score_medians": {
      "L1": 1477785.761,
      "L2": 21008.54,
      "L3": 3646.8214285714284,
      "L4": 883848.2801752049,
      "L5": 0.5310923217589949
    },
    "meii_median": 0.20904280503558084,
    "pooled_taub_smoke": {
      "L1-L2": 0.805,
      "L1-L3": 0.695,
      "L1-L4": 0.859,
      "L1-L5": -0.336,
      "L2-L3": 0.668,
      "L2-L4": 0.755,
      "L2-L5": -0.352,
      "L3-L4": 0.606,
      "L3-L5": -0.415,
      "L4-L5": -0.268
    }
  },
  "bldg": {
    "n_entities": 2286,
    "n_entities_full_five": 1929,
    "n_entities_four": 357,
    "n_entities_lt_four": 0,
    "tau_by_campus": {
      "1": 1025.61,
      "2": 3066.4,
      "4": 727.6,
      "5": 303.72
    },
    "raw_score_medians": {
      "L1": 20824.071350000002,
      "L2": 248.325,
      "L3": 91.18928571428572,
      "L4": 7053.4866999999995,
      "L5": 0.5829240227637432
    },
    "meii_median": 0.1823429817671614,
    "pooled_taub_smoke": {
      "L1-L2": 0.774,
      "L1-L3": 0.577,
      "L1-L4": 0.777,
      "L1-L5": -0.177,
      "L2-L3": 0.594,
      "L2-L4": 0.619,
      "L2-L5": -0.206,
      "L3-L4": 0.443,
      "L3-L5": -0.233,
      "L4-L5": -0.076
    }
  }
}